INSERT INTO REGION (REGIONID, PLZ, ORT) VALUES (1, '20249','Hamburg');
INSERT INTO REGION (REGIONID, PLZ, ORT) VALUES (2, '22765','Hamburg');
INSERT INTO REGION (REGIONID, PLZ, ORT) VALUES (3, '20459','Hamburg');
INSERT INTO REGION (REGIONID, PLZ, ORT) VALUES (4, '22049','Hamburg');
INSERT INTO REGION (REGIONID, PLZ, ORT) VALUES (5, '22835','Barsbüttel');
INSERT INTO REGION (REGIONID, PLZ, ORT) VALUES (6, '21075','Hamburg');
INSERT INTO REGION (REGIONID, PLZ, ORT) VALUES (7, '21079','Hamburg');
INSERT INTO REGION (REGIONID, PLZ, ORT) VALUES (8, '21149','Hamburg');
INSERT INTO REGION (REGIONID, PLZ, ORT) VALUES (9, '22605','Hamburg');



INSERT INTO ADRESSE (ADRESSID, STRASSE, HAUSNR, REGIONID) VALUES (501, 'Eppendorfer Landstrasse', '104', 1);
INSERT INTO ADRESSE (ADRESSID, STRASSE, HAUSNR, REGIONID) VALUES (502,'Ohmstraße', '23', 2);
INSERT INTO ADRESSE (ADRESSID, STRASSE, HAUSNR, REGIONID) VALUES (503, 'Bilser Berg', '6', 3);
INSERT INTO ADRESSE (ADRESSID, STRASSE, HAUSNR, REGIONID) VALUES (504, 'Alter Teichweg', '95', 4);
INSERT INTO ADRESSE (ADRESSID, STRASSE, HAUSNR, REGIONID) VALUES (505, 'Stübels', '10', 5);
INSERT INTO ADRESSE (ADRESSID, STRASSE, HAUSNR, REGIONID) VALUES (506, 'Grotelertwiete', '4a', 6);
INSERT INTO ADRESSE (ADRESSID, STRASSE, HAUSNR, REGIONID) VALUES (507, 'Küstersweg', '3', 7);
INSERT INTO ADRESSE (ADRESSID, STRASSE, HAUSNR, REGIONID) VALUES (508, 'Neugrabener Bahnhofstraße', '30', 8);
INSERT INTO ADRESSE (ADRESSID, STRASSE, HAUSNR, REGIONID) VALUES (509, 'Elbchaussee', '228', 9);



INSERT INTO KUNDE (KUNDENNR, NACHNAME, VORNAME, GEBURTSDATUM, TELEFON, EMAIL, ADRESSID) VALUES (2001, 'Wellensteyn','Kira','1990-05-05','040/443322','k.wellensteyn@yahoo.de', 501);
INSERT INTO KUNDE (KUNDENNR, NACHNAME, VORNAME, GEBURTSDATUM, TELEFON, EMAIL, ADRESSID) VALUES (2002, 'Foede','Dorothea','2000-03-24','040/543822','d.foede@web.de', 502);
INSERT INTO KUNDE (KUNDENNR, NACHNAME, VORNAME, GEBURTSDATUM, TELEFON, EMAIL, ADRESSID) VALUES (2003, 'Leberer','Sigrid','1989-09-21','0175/1234588','sigrid@leberer.de', 503);
INSERT INTO KUNDE (KUNDENNR, NACHNAME, VORNAME, GEBURTSDATUM, TELEFON, EMAIL, ADRESSID) VALUES (2004, 'Soerensen','Hanna','1974-04-03','040/634578','h.soerensen@yahoo.de', 504);
INSERT INTO KUNDE (KUNDENNR, NACHNAME, VORNAME, GEBURTSDATUM, TELEFON, EMAIL, ADRESSID) VALUES (2005, 'Schnitter','Marten','1964-04-17','0176/447587','schni_mart@gmail.com', 505);
INSERT INTO KUNDE (KUNDENNR, NACHNAME, VORNAME, GEBURTSDATUM, TELEFON, EMAIL, ADRESSID) VALUES (2006, 'Maurer','Belinda','1978-09-09','040/332189','belinda1978@yahoo.de', 506);
INSERT INTO KUNDE (KUNDENNR, NACHNAME, VORNAME, GEBURTSDATUM, TELEFON, EMAIL, ADRESSID) VALUES (2007, 'Gessert','Armin','1978-01-29','040/67890','armin@gessert.de', 507);
INSERT INTO KUNDE (KUNDENNR, NACHNAME, VORNAME, GEBURTSDATUM, TELEFON, EMAIL, ADRESSID) VALUES (2008, 'Haessig','Jean-Marc','1982-08-30','0178-67013390','jm@haessig.de', 508);
INSERT INTO KUNDE (KUNDENNR, NACHNAME, VORNAME, GEBURTSDATUM, TELEFON, EMAIL, ADRESSID) VALUES (2009, 'Urocki','Eric','1999-12-04','0152-96701390','urocki@outlook.de', 509);



INSERT INTO REGION (REGIONID, PLZ, ORT) VALUES (11, '24354', 'Weseby');
INSERT INTO REGION (REGIONID, PLZ, ORT) VALUES (12, '21635', 'Jork');
INSERT INTO REGION (REGIONID, PLZ, ORT) VALUES (13, '19217', 'Dechow');



INSERT INTO ADRESSE (ADRESSID, STRASSE, HAUSNR, REGIONID) values (601, 'Dorfstraße', '74', 11);
INSERT INTO ADRESSE (ADRESSID, STRASSE, HAUSNR, REGIONID) values (602, 'Westerjork 74', '76', 12);
INSERT INTO ADRESSE (ADRESSID, STRASSE, HAUSNR, REGIONID) values (603, 'Molkereiwegkundekunde', '13', 13);


INSERT INTO LIEFERANT (LIEFERANTENNR, LIEFERANTENNAME, TELEFON, EMAIL, ADRESSID) values (101, 'Bio-Hof Müller', '04354-9080', 'mueller@biohof.de', 601);
INSERT INTO LIEFERANT (LIEFERANTENNR, LIEFERANTENNAME, TELEFON, EMAIL, ADRESSID) values (102, 'Obst-Hof Altes Land', '04162-4523', 'info@biohof-altesland.de', 602);
INSERT INTO LIEFERANT (LIEFERANTENNR, LIEFERANTENNAME, TELEFON, EMAIL, ADRESSID) values (103, 'Molkerei Henning', '038873-8976', 'info@molkerei-henning.de', 603);




INSERT INTO ZUTAT (ZUTATNR, BEZEICHNUNG, EINHEIT, VERKAUFSPREIS, EINKAUFSPREIS, BESTAND, LIEFERANTENNR, KALORIEN, KOHLENHYDRATE, PROTEIN) VALUES (1001, 'Zucchini','Stück', 0.89, 0.37, 100, 101,19,2,1.6);
INSERT INTO ZUTAT (ZUTATNR, BEZEICHNUNG, EINHEIT, VERKAUFSPREIS, EINKAUFSPREIS, BESTAND, LIEFERANTENNR, KALORIEN, KOHLENHYDRATE, PROTEIN) VALUES (1002, 'Zwiebel','Stück', 0.15, 0.04, 50, 101, 28, 4.9, 1.20);
INSERT INTO ZUTAT (ZUTATNR, BEZEICHNUNG, EINHEIT, VERKAUFSPREIS, EINKAUFSPREIS, BESTAND, LIEFERANTENNR, KALORIEN, KOHLENHYDRATE, PROTEIN) VALUES (1003, 'Tomate', 'Stück', 0.45, 0.22, 50, 101, 18, 2.6, 1);
INSERT INTO ZUTAT (ZUTATNR, BEZEICHNUNG, EINHEIT, VERKAUFSPREIS, EINKAUFSPREIS, BESTAND, LIEFERANTENNR, KALORIEN, KOHLENHYDRATE, PROTEIN) VALUES (1004, 'Schalotte', 'Stück', 0.20, 0.09, 500, 101, 25, 3.3, 1.5);
INSERT INTO ZUTAT (ZUTATNR, BEZEICHNUNG, EINHEIT, VERKAUFSPREIS, EINKAUFSPREIS, BESTAND, LIEFERANTENNR, KALORIEN, KOHLENHYDRATE, PROTEIN) VALUES (1005, 'Karotte', 'Stück', 0.30, 0.15, 500, 101, 41, 10, 0.9);
INSERT INTO ZUTAT (ZUTATNR, BEZEICHNUNG, EINHEIT, VERKAUFSPREIS, EINKAUFSPREIS, BESTAND, LIEFERANTENNR, KALORIEN, KOHLENHYDRATE, PROTEIN) VALUES (1006, 'Kartoffel', 'Stück', 0.15, 0.06, 1500, 101, 71, 14.6, 2);
INSERT INTO ZUTAT (ZUTATNR, BEZEICHNUNG, EINHEIT, VERKAUFSPREIS, EINKAUFSPREIS, BESTAND, LIEFERANTENNR, KALORIEN, KOHLENHYDRATE, PROTEIN) VALUES (1007, 'Rucola', 'Bund', 0.90, 0.67, 10, 101, 27, 2.1, 2.6);
INSERT INTO ZUTAT (ZUTATNR, BEZEICHNUNG, EINHEIT, VERKAUFSPREIS, EINKAUFSPREIS, BESTAND, LIEFERANTENNR, KALORIEN, KOHLENHYDRATE, PROTEIN) VALUES (1008, 'Lauch', 'Stück', 1.2, 0.87, 35, 101, 29, 3.3, 2.1);
INSERT INTO ZUTAT (ZUTATNR, BEZEICHNUNG, EINHEIT, VERKAUFSPREIS, EINKAUFSPREIS, BESTAND, LIEFERANTENNR, KALORIEN, KOHLENHYDRATE, PROTEIN) VALUES (1009, 'Knoblauch', 'Stück', 0.25, 0.11, 250, 101, 141, 28.4, 6.1);
INSERT INTO ZUTAT (ZUTATNR, BEZEICHNUNG, EINHEIT, VERKAUFSPREIS, EINKAUFSPREIS, BESTAND, LIEFERANTENNR, KALORIEN, KOHLENHYDRATE, PROTEIN) VALUES (1010, 'Basilikum', 'Bund', 1.3, 1.1, 10, 101, 41, 5.1, 3.1);
INSERT INTO ZUTAT (ZUTATNR, BEZEICHNUNG, EINHEIT, VERKAUFSPREIS, EINKAUFSPREIS, BESTAND, LIEFERANTENNR, KALORIEN, KOHLENHYDRATE, PROTEIN) VALUES (1011, 'Süßkartoffel', 'Stück', 2.0, 0.75, 200, 101, 86, 20, 1.6);
INSERT INTO ZUTAT (ZUTATNR, BEZEICHNUNG, EINHEIT, VERKAUFSPREIS, EINKAUFSPREIS, BESTAND, LIEFERANTENNR, KALORIEN, KOHLENHYDRATE, PROTEIN) VALUES (1012, 'Schnittlauch', 'Bund', 0.9, 0.54, 10, 101, 28, 1, 3);
INSERT INTO ZUTAT (ZUTATNR, BEZEICHNUNG, EINHEIT, VERKAUFSPREIS, EINKAUFSPREIS, BESTAND, LIEFERANTENNR, KALORIEN, KOHLENHYDRATE, PROTEIN) VALUES (2001, 'Apfel', 'Stück', 1.2, 0.76, 750, 102, 54, 14.4, 0.3);
INSERT INTO ZUTAT (ZUTATNR, BEZEICHNUNG, EINHEIT, VERKAUFSPREIS, EINKAUFSPREIS, BESTAND, LIEFERANTENNR, KALORIEN, KOHLENHYDRATE, PROTEIN) VALUES (3001, 'Vollmilch. 3.5%', 'Liter', 1.5, 0.76, 50, 103, 65, 4.7, 3.4);
INSERT INTO ZUTAT (ZUTATNR, BEZEICHNUNG, EINHEIT, VERKAUFSPREIS, EINKAUFSPREIS, BESTAND, LIEFERANTENNR, KALORIEN, KOHLENHYDRATE, PROTEIN) VALUES (3002, 'Mozzarella', 'Packung', 3.5, 2.3, 20, 103, 241, 1, 18.1);
INSERT INTO ZUTAT (ZUTATNR, BEZEICHNUNG, EINHEIT, VERKAUFSPREIS, EINKAUFSPREIS, BESTAND, LIEFERANTENNR, KALORIEN, KOHLENHYDRATE, PROTEIN) VALUES (3003, 'Butter', 'Stück', 3.0, 1.45, 50, 103, 741, 0.6, 0.7);
INSERT INTO ZUTAT (ZUTATNR, BEZEICHNUNG, EINHEIT, VERKAUFSPREIS, EINKAUFSPREIS, BESTAND, LIEFERANTENNR, KALORIEN, KOHLENHYDRATE, PROTEIN) VALUES (4001, 'Ei', 'Stück', 0.4, 0.21, 300, 102, 137, 1.5, 11.9);
INSERT INTO ZUTAT (ZUTATNR, BEZEICHNUNG, EINHEIT, VERKAUFSPREIS, EINKAUFSPREIS, BESTAND, LIEFERANTENNR, KALORIEN, KOHLENHYDRATE, PROTEIN) VALUES (5001, 'Wiener Würstchen', 'Paar', 1.8, 0.9, 40, 101, 331, 1.2, 9.9);
INSERT INTO ZUTAT (ZUTATNR, BEZEICHNUNG, EINHEIT, VERKAUFSPREIS, EINKAUFSPREIS, BESTAND, LIEFERANTENNR, KALORIEN, KOHLENHYDRATE, PROTEIN) VALUES (9001, 'Tofu-Würstchen', 'Stück', 1.8, 0.72, 20, 103, 252, 7, 17);
INSERT INTO ZUTAT (ZUTATNR, BEZEICHNUNG, EINHEIT, VERKAUFSPREIS, EINKAUFSPREIS, BESTAND, LIEFERANTENNR, KALORIEN, KOHLENHYDRATE, PROTEIN) VALUES (6408, 'Couscous', 'Packung', 1.9, 1.1, 15, 102, 351, 67, 12);
INSERT INTO ZUTAT (ZUTATNR, BEZEICHNUNG, EINHEIT, VERKAUFSPREIS, EINKAUFSPREIS, BESTAND, LIEFERANTENNR, KALORIEN, KOHLENHYDRATE, PROTEIN) VALUES (7043, 'Gemüsebrühe', 'Würfel', 0.2, 0.05, 4000, 101, 1, 0.5, 0.5);
INSERT INTO ZUTAT (ZUTATNR, BEZEICHNUNG, EINHEIT, VERKAUFSPREIS, EINKAUFSPREIS, BESTAND, LIEFERANTENNR, KALORIEN, KOHLENHYDRATE, PROTEIN) VALUES (6300, 'Kichererbsen', 'Dose', 1.0, 0.05, 400, 103, 150, 21.2, 9);



INSERT INTO EIGENSCHAFTEN (EIGENSCHAFTID, BEZEICHNUNG) VALUES (1, 'Vegan');
INSERT INTO EIGENSCHAFTEN (EIGENSCHAFTID, BEZEICHNUNG) VALUES (2, 'Vegetarisch');
INSERT INTO EIGENSCHAFTEN (EIGENSCHAFTID, BEZEICHNUNG) VALUES (3, 'Halal');



INSERT INTO ZUTATEIGENSCHAFT (ZUTATNR, EIGENSCHAFTID) VALUES (1001, 1);
INSERT INTO ZUTATEIGENSCHAFT (ZUTATNR, EIGENSCHAFTID) VALUES (1001, 2);
INSERT INTO ZUTATEIGENSCHAFT (ZUTATNR, EIGENSCHAFTID) VALUES (1001, 3);

INSERT INTO ZUTATEIGENSCHAFT (ZUTATNR, EIGENSCHAFTID) VALUES (1002, 1);
INSERT INTO ZUTATEIGENSCHAFT (ZUTATNR, EIGENSCHAFTID) VALUES (1002, 2);
INSERT INTO ZUTATEIGENSCHAFT (ZUTATNR, EIGENSCHAFTID) VALUES (1002, 3);

INSERT INTO ZUTATEIGENSCHAFT (ZUTATNR, EIGENSCHAFTID) VALUES (1003, 1);
INSERT INTO ZUTATEIGENSCHAFT (ZUTATNR, EIGENSCHAFTID) VALUES (1003, 2);
INSERT INTO ZUTATEIGENSCHAFT (ZUTATNR, EIGENSCHAFTID) VALUES (1003, 3);

INSERT INTO ZUTATEIGENSCHAFT (ZUTATNR, EIGENSCHAFTID) VALUES (1004, 1);
INSERT INTO ZUTATEIGENSCHAFT (ZUTATNR, EIGENSCHAFTID) VALUES (1004, 2);
INSERT INTO ZUTATEIGENSCHAFT (ZUTATNR, EIGENSCHAFTID) VALUES (1004, 3);

INSERT INTO ZUTATEIGENSCHAFT (ZUTATNR, EIGENSCHAFTID) VALUES (1005, 1);
INSERT INTO ZUTATEIGENSCHAFT (ZUTATNR, EIGENSCHAFTID) VALUES (1005, 2);
INSERT INTO ZUTATEIGENSCHAFT (ZUTATNR, EIGENSCHAFTID) VALUES (1005, 3);

INSERT INTO ZUTATEIGENSCHAFT (ZUTATNR, EIGENSCHAFTID) VALUES (1006, 1);
INSERT INTO ZUTATEIGENSCHAFT (ZUTATNR, EIGENSCHAFTID) VALUES (1006, 2);
INSERT INTO ZUTATEIGENSCHAFT (ZUTATNR, EIGENSCHAFTID) VALUES (1006, 3);

INSERT INTO ZUTATEIGENSCHAFT (ZUTATNR, EIGENSCHAFTID) VALUES (2001, 1);
INSERT INTO ZUTATEIGENSCHAFT (ZUTATNR, EIGENSCHAFTID) VALUES (2001, 2);
INSERT INTO ZUTATEIGENSCHAFT (ZUTATNR, EIGENSCHAFTID) VALUES (2001, 3);

INSERT INTO ZUTATEIGENSCHAFT (ZUTATNR, EIGENSCHAFTID) VALUES (3001, 2);
INSERT INTO ZUTATEIGENSCHAFT (ZUTATNR, EIGENSCHAFTID) VALUES (3001, 3);

INSERT INTO ZUTATEIGENSCHAFT (ZUTATNR, EIGENSCHAFTID) VALUES (3002, 2);
INSERT INTO ZUTATEIGENSCHAFT (ZUTATNR, EIGENSCHAFTID) VALUES (3002, 3);

INSERT INTO ZUTATEIGENSCHAFT (ZUTATNR, EIGENSCHAFTID) VALUES (3003, 2);
INSERT INTO ZUTATEIGENSCHAFT (ZUTATNR, EIGENSCHAFTID) VALUES (3003, 3);

INSERT INTO ZUTATEIGENSCHAFT (ZUTATNR, EIGENSCHAFTID) VALUES (4001, 2);
INSERT INTO ZUTATEIGENSCHAFT (ZUTATNR, EIGENSCHAFTID) VALUES (4001, 3);

INSERT INTO ZUTATEIGENSCHAFT (ZUTATNR, EIGENSCHAFTID) VALUES (9001, 1);
INSERT INTO ZUTATEIGENSCHAFT (ZUTATNR, EIGENSCHAFTID) VALUES (9001, 2);
INSERT INTO ZUTATEIGENSCHAFT (ZUTATNR, EIGENSCHAFTID) VALUES (9001, 3);

INSERT INTO ZUTATEIGENSCHAFT (ZUTATNR, EIGENSCHAFTID) VALUES (6408, 1);
INSERT INTO ZUTATEIGENSCHAFT (ZUTATNR, EIGENSCHAFTID) VALUES (6408, 2);
INSERT INTO ZUTATEIGENSCHAFT (ZUTATNR, EIGENSCHAFTID) VALUES (6408, 3);

INSERT INTO ZUTATEIGENSCHAFT (ZUTATNR, EIGENSCHAFTID) VALUES (7043, 1);
INSERT INTO ZUTATEIGENSCHAFT (ZUTATNR, EIGENSCHAFTID) VALUES (7043, 2);
INSERT INTO ZUTATEIGENSCHAFT (ZUTATNR, EIGENSCHAFTID) VALUES (7043, 3);

INSERT INTO ZUTATEIGENSCHAFT (ZUTATNR, EIGENSCHAFTID) VALUES (6300, 1);
INSERT INTO ZUTATEIGENSCHAFT (ZUTATNR, EIGENSCHAFTID) VALUES (6300, 2);
INSERT INTO ZUTATEIGENSCHAFT (ZUTATNR, EIGENSCHAFTID) VALUES (6300, 3);



INSERT INTO BESTELLUNG (KUNDENNR, BESTELLDATUM, RECHNUNGSBETRAG_BRUTTO, RECHNUNGSBETRAG_NETTO) VALUES (2001,'2020-07-01', 6.21, 6.64);
INSERT INTO BESTELLUNG (KUNDENNR, BESTELLDATUM, RECHNUNGSBETRAG_BRUTTO, RECHNUNGSBETRAG_NETTO) VALUES (2002,'2020-07-08', 32.96, 35.26);
INSERT INTO BESTELLUNG (KUNDENNR, BESTELLDATUM, RECHNUNGSBETRAG_BRUTTO, RECHNUNGSBETRAG_NETTO) VALUES (2003,'2020-08-01',24.08, 25.76);
INSERT INTO BESTELLUNG (KUNDENNR, BESTELLDATUM, RECHNUNGSBETRAG_BRUTTO, RECHNUNGSBETRAG_NETTO) VALUES (2004,'2020-08-02', 19.90, 21.29);
INSERT INTO BESTELLUNG (KUNDENNR, BESTELLDATUM, RECHNUNGSBETRAG_BRUTTO, RECHNUNGSBETRAG_NETTO) VALUES (2005,'2020-08-02', 6.47, 6.92);
INSERT INTO BESTELLUNG (KUNDENNR, BESTELLDATUM, RECHNUNGSBETRAG_BRUTTO, RECHNUNGSBETRAG_NETTO) VALUES (2006,'2020-08-10', 6.96, 7.44);
INSERT INTO BESTELLUNG (KUNDENNR, BESTELLDATUM, RECHNUNGSBETRAG_BRUTTO, RECHNUNGSBETRAG_NETTO) VALUES (2007,'2020-08-10', 2.41, 2.57);
INSERT INTO BESTELLUNG (KUNDENNR, BESTELLDATUM, RECHNUNGSBETRAG_BRUTTO, RECHNUNGSBETRAG_NETTO) VALUES (2008,'2020-08-10', 13.80, 14.76);
INSERT INTO BESTELLUNG (KUNDENNR, BESTELLDATUM, RECHNUNGSBETRAG_BRUTTO, RECHNUNGSBETRAG_NETTO) VALUES (2009,'2020-08-10', 8.67, 9.27);
INSERT INTO BESTELLUNG (KUNDENNR, BESTELLDATUM, RECHNUNGSBETRAG_BRUTTO, RECHNUNGSBETRAG_NETTO) VALUES (2007,'2020-08-15', 17.98, 19.23);
INSERT INTO BESTELLUNG (KUNDENNR, BESTELLDATUM, RECHNUNGSBETRAG_BRUTTO, RECHNUNGSBETRAG_NETTO) VALUES (2005,'2020-08-12', 8.67, 9.27);
INSERT INTO BESTELLUNG (KUNDENNR, BESTELLDATUM, RECHNUNGSBETRAG_BRUTTO, RECHNUNGSBETRAG_NETTO) VALUES (2003,'2020-08-13', 20.87, 22.33);



INSERT INTO BESTELLUNGZUTAT(BESTELLNR, ZUTATNR, MENGE) VALUES (1, 1001, 5);
INSERT INTO BESTELLUNGZUTAT(BESTELLNR, ZUTATNR, MENGE) VALUES (1, 1002, 3);
INSERT INTO BESTELLUNGZUTAT(BESTELLNR, ZUTATNR, MENGE) VALUES (1, 1006, 2);
INSERT INTO BESTELLUNGZUTAT(BESTELLNR, ZUTATNR, MENGE) VALUES (1, 1004, 3);
INSERT INTO BESTELLUNGZUTAT(BESTELLNR, ZUTATNR, MENGE) VALUES (2, 9001, 10);
INSERT INTO BESTELLUNGZUTAT(BESTELLNR, ZUTATNR, MENGE) VALUES (2, 1005, 5);
INSERT INTO BESTELLUNGZUTAT(BESTELLNR, ZUTATNR, MENGE) VALUES (2, 1003, 4);
INSERT INTO BESTELLUNGZUTAT(BESTELLNR, ZUTATNR, MENGE) VALUES (2, 6408, 5);
INSERT INTO BESTELLUNGZUTAT(BESTELLNR, ZUTATNR, MENGE) VALUES (3, 6300, 15);
INSERT INTO BESTELLUNGZUTAT(BESTELLNR, ZUTATNR, MENGE) VALUES (3, 3001, 5);
INSERT INTO BESTELLUNGZUTAT(BESTELLNR, ZUTATNR, MENGE) VALUES (4, 5001, 7);
INSERT INTO BESTELLUNGZUTAT(BESTELLNR, ZUTATNR, MENGE) VALUES (4, 3003, 2);
INSERT INTO BESTELLUNGZUTAT(BESTELLNR, ZUTATNR, MENGE) VALUES (5, 1002, 4);
INSERT INTO BESTELLUNGZUTAT(BESTELLNR, ZUTATNR, MENGE) VALUES (5, 1004, 5);
INSERT INTO BESTELLUNGZUTAT(BESTELLNR, ZUTATNR, MENGE) VALUES (5, 1001, 5);
INSERT INTO BESTELLUNGZUTAT(BESTELLNR, ZUTATNR, MENGE) VALUES (7, 1009, 9);
INSERT INTO BESTELLUNGZUTAT(BESTELLNR, ZUTATNR, MENGE) VALUES (6, 1010, 5);
INSERT INTO BESTELLUNGZUTAT(BESTELLNR, ZUTATNR, MENGE) VALUES (8, 1012, 5);
INSERT INTO BESTELLUNGZUTAT(BESTELLNR, ZUTATNR, MENGE) VALUES (8, 1008, 7);
INSERT INTO BESTELLUNGZUTAT(BESTELLNR, ZUTATNR, MENGE) VALUES (9, 1007, 4);
INSERT INTO BESTELLUNGZUTAT(BESTELLNR, ZUTATNR, MENGE) VALUES (9, 1012, 5);
INSERT INTO BESTELLUNGZUTAT(BESTELLNR, ZUTATNR, MENGE) VALUES (10, 1011, 7);
INSERT INTO BESTELLUNGZUTAT(BESTELLNR, ZUTATNR, MENGE) VALUES (10, 4001, 7);
INSERT INTO BESTELLUNGZUTAT(BESTELLNR, ZUTATNR, MENGE) VALUES (11, 5001, 2);
INSERT INTO BESTELLUNGZUTAT(BESTELLNR, ZUTATNR, MENGE) VALUES (11, 1012, 5);
INSERT INTO BESTELLUNGZUTAT(BESTELLNR, ZUTATNR, MENGE) VALUES (12, 1010, 15);












INSERT INTO REZEPT(REZEPTNR, REZEPTNAME) VALUES (1, 'ErstesRezept');
INSERT INTO REZEPTZUTAT(REZEPTNR, ZUTATNR, MENGE) VALUES (1, 1001, 1);
INSERT INTO REZEPTZUTAT(REZEPTNR, ZUTATNR, MENGE) VALUES (1, 1002, 1);
INSERT INTO REZEPTZUTAT(REZEPTNR, ZUTATNR, MENGE) VALUES (1, 1003, 1);
INSERT INTO REZEPTZUTAT(REZEPTNR, ZUTATNR, MENGE) VALUES (1, 1004, 1);

INSERT INTO REZEPT(REZEPTNR, REZEPTNAME) VALUES (2, 'ZweitesRezept');
INSERT INTO REZEPTZUTAT(REZEPTNR, ZUTATNR, MENGE) VALUES (1, 5001, 1);
INSERT INTO REZEPTZUTAT(REZEPTNR, ZUTATNR, MENGE) VALUES (1, 1002, 1);
INSERT INTO REZEPTZUTAT(REZEPTNR, ZUTATNR, MENGE) VALUES (1, 1003, 1);
INSERT INTO REZEPTZUTAT(REZEPTNR, ZUTATNR, MENGE) VALUES (1, 1004, 1);

INSERT INTO REZEPT(REZEPTNR, REZEPTNAME) VALUES (3, 'DrittesRezept');
INSERT INTO REZEPTZUTAT(REZEPTNR, ZUTATNR, MENGE) VALUES (1, 3001, 1);
INSERT INTO REZEPTZUTAT(REZEPTNR, ZUTATNR, MENGE) VALUES (1, 1002, 1);
INSERT INTO REZEPTZUTAT(REZEPTNR, ZUTATNR, MENGE) VALUES (1, 1003, 1);
INSERT INTO REZEPTZUTAT(REZEPTNR, ZUTATNR, MENGE) VALUES (1, 1004, 1);








COMMIT WORK;